{
  "roc_auc": 0.47171717171717176,
  "accuracy": 0.48,
  "precision": 0.5245901639344263,
  "recall": 0.5818181818181818
}